<?xml version="1.0" encoding="UTF-8"?>
<project-private xmlns="http://www.netbeans.org/ns/project-private/1">
    <editor-bookmarks xmlns="http://www.netbeans.org/ns/editor-bookmarks/2" lastBookmarkId="0"/>
    <open-files xmlns="http://www.netbeans.org/ns/projectui-open-files/2">
        <group>
            <file>file:/C:/Users/Mateusz/Downloads/KnightsTour2-3/KnightsTour2/src/knightstour/Game.java</file>
            <file>file:/C:/Users/Mateusz/Downloads/KnightsTour2-3/KnightsTour2/src/knightstour/KnightsTour.java</file>
            <file>file:/C:/Users/Mateusz/Downloads/KnightsTour2-3/KnightsTour2/src/knightstour/Map.java</file>
            <file>file:/C:/Users/Mateusz/Downloads/KnightsTour2-3/KnightsTour2/src/knightstour/Frame.java</file>
            <file>file:/C:/Users/Mateusz/Downloads/KnightsTour2-3/KnightsTour2/src/knightstour/Position.java</file>
            <file>file:/C:/Users/Mateusz/Downloads/KnightsTour2-3/KnightsTour2/src/knightstour/Field.java</file>
            <file>file:/C:/Users/Mateusz/Downloads/KnightsTour2-3/KnightsTour2/src/knightstour/Solutions.java</file>
            <file>file:/C:/Users/Mateusz/Downloads/KnightsTour2-3/KnightsTour2/src/knightstour/Choice.java</file>
            <file>file:/C:/Users/Mateusz/Downloads/KnightsTour2-3/KnightsTour2/src/knightstour/Knight.java</file>
        </group>
    </open-files>
</project-private>
